{
  "defaults": {
    "landingPage": "pageId_3",
    "appName": "Mobile Application",
    "translationLanguages": [
      "ja_JP",
      "de_DE",
      "wrong",
      "en_US"
    ]
  },
  "process": {
    "processId_1": {
      "processName": "Process 1",
      "parentProcessId": "",
      "firstPageId": "pageId_4",
      "accessibleRoles": "Berater,Buchhalter,CFO,Käufer,Product Manager",
      "parentAppName": "Mobile Application",
      "pages": [
        "pageId_3",
        "pageId_5",
        "pageId_6"
      ]
    },
    "processId_2": {
      "processName": "Process 2",
      "parentProcessId": "",
      "firstPageId": "pageId_7",
      "accessibleRoles": "",
      "parentAppName": "Mobile Application",
      "pages": [
        "pageId_"
      ]
    }
  },
  "menu": [
    {
      "menuId": "1",
      "openInNewWindow": true,
      "actionId": "15",
      "icon": "fa fa-home",
      "actionName": "Navigate to Home Page",
      "title": "Home - GE",
      "accessibleRoles": "",
      "action": {
        "responseKeys": "",
        "scriptId": "",
        "deploymentId": "",
        "clientFilePath": "",
        "clientFunctionName": "",
        "actionTypeId": "5",
        "url": "",
        "processId": "",
        "importedProcessId": "",
        "actionName": "Navigate to Home Page",
        "actionType": "Navigation",
        "params": [
          {
            "paramName": "page id",
            "paramKey": "page_id",
            "paramValue": "pageId_3",
            "paramSource": ""
          }
        ]
      }
    },
    {
      "menuId": "2",
      "openInNewWindow": false,
      "actionId": "",
      "icon": "fa fa-calculator",
      "actionName": "",
      "title": "Calc - GE",
      "accessibleRoles": "Accountant,CEO"
    },
    {
      "menuId": "4",
      "openInNewWindow": true,
      "actionId": "",
      "icon": "fa fa-industry",
      "actionName": "",
      "title": "Email - GE",
      "accessibleRoles": "A/P Clerk,A/R Clerk,Accountant"
    },
    {
      "menuId": "3",
      "openInNewWindow": true,
      "actionId": "14",
      "icon": "fa fa-reply",
      "actionName": "Logout",
      "title": "Logout - GE",
      "accessibleRoles": "",
      "action": {
        "responseKeys": "",
        "scriptId": "",
        "deploymentId": "",
        "clientFilePath": "",
        "clientFunctionName": "",
        "actionTypeId": "7",
        "url": "https://system.netsuite.com/core/media/media.nl?id=11947&c=TSTDRV1796256&h=4113353337f786332914&_xt=.html",
        "processId": "",
        "importedProcessId": "",
        "actionName": "Logout",
        "actionType": "URL Navigation",
        "params": []
      }
    }
  ],
  "pages": {
    "pageId_3": {
      "pageName": "pageSelectWarehouse",
      "pageId": "3",
      "pageTitle": "Select your location in German",
      "components": [
        "componentId_3",
        "componentId_6",
        "componentId_4",
        "componentId_29",
        "componentId_51"
      ]
    },
    "pageId_4": {
      "pageName": "Test Page",
      "pageId": "4",
      "pageTitle": "Test your stuff here",
      "components": [
        "componentId_9",
        "componentId_10",
        "componentId_12",
        "componentId_13",
        "componentId_14",
        "componentId_15",
        "componentId_16",
        "componentId_17",
        "componentId_26",
        "componentId_27",
        "componentId_53",
        "componentId_42",
        "componentId_28",
        "componentId_32",
        "componentId_11"
      ]
    },
    "pageId_5": {
      "pageName": "Po Page",
      "pageId": "5",
      "pageTitle": "Select PO",
      "components": [
        "componentId_62",
        "componentId_5",
        "componentId_8"
      ]
    },
    "pageId_6": {
      "pageName": "Items Page",
      "pageId": "6",
      "pageTitle": "Select Item",
      "components": [
        "componentId_23",
        "componentId_7"
      ]
    },
    "pageId_7": {
      "pageName": "Test Page random",
      "pageId": "7",
      "pageTitle": "Test your random stuff here",
      "components": [
        "componentId_20",
        "componentId_18",
        "componentId_19"
      ]
    },
    "pageId_8": {
      "pageName": "Test page Process Path",
      "pageId": "8",
      "pageTitle": "Select Process - DE",
      "components": [
        "componentId_21",
        "componentId_22"
      ]
    },
    "pageId_9": {
      "pageName": "PO Item Details",
      "pageId": "9",
      "pageTitle": "Enter Item Details",
      "components": [
        "componentId_63",
        "componentId_24",
        "componentId_25"
      ]
    },
    "pageId_10": {
      "pageName": "QA Experiment Page",
      "pageId": "10",
      "pageTitle": "Do your experiments here",
      "components": [
        "componentId_54",
        "componentId_30"
      ]
    },
    "pageId_11": {
      "pageName": "Custom Client Script Demo",
      "pageId": "11",
      "pageTitle": "Custom Client Script Demo",
      "components": [
        "componentId_56",
        "componentId_43",
        "componentId_44",
        "componentId_45",
        "componentId_46",
        "componentId_47",
        "componentId_48",
        "componentId_49",
        "componentId_50",
        "componentId_52",
        "componentId_57",
        "componentId_55"
      ]
    },
    "pageId_12": {
      "pageName": "Demo Page",
      "pageId": "12",
      "pageTitle": "Page for Demos",
      "components": [
        "componentId_58",
        "componentId_64",
        "componentId_60"
      ]
    },
    "pageId_13": {
      "pageName": "Item Type Page",
      "pageId": "13",
      "pageTitle": "Select Item Type",
      "components": [
        "componentId_59",
        "componentId_61"
      ]
    },
    "pageId_14": {
      "pageName": "Lot Item Details Page",
      "pageId": "14",
      "pageTitle": "Lot Item Details",
      "components": []
    },
    "pageId_15": {
      "pageName": "Serial Item Details Page",
      "pageId": "15",
      "pageTitle": "Serial Item Details Page",
      "components": [
        "componentId_68",
        "componentId_69"
      ]
    },
    "pageId_16": {
      "pageName": "Hidden Objects Details",
      "pageId": "16",
      "pageTitle": "",
      "components": []
    },
    "pageId_17": {
      "pageName": "Hidden Object Demo Page",
      "pageId": "17",
      "pageTitle": "Hidden Objects are present on this page",
      "components": [
        "componentId_65",
        "componentId_66",
        "componentId_67"
      ]
    },
    "pageId_18": {
      "pageName": "Serial Manish",
      "pageId": "18",
      "pageTitle": "Item: Serial, Name: Manish, a: 1",
      "components": []
    },
    "pageId_19": {
      "pageName": "Serial Shreyas",
      "pageId": "19",
      "pageTitle": "Item: Serial, Name: Shreyas, a: 1",
      "components": []
    }
  },
  "components": {
    "componentId_3": {
      "elementType": "DropDown",
      "label": "Select Warehouse G",
      "labelType": "",
      "placeholder": "",
      "elementId": "3",
      "elementName": "warehouse",
      "columnNames": "",
      "columnKeys": "",
      "format": "",
      "groupName": "",
      "inputId": "",
      "inputValue": "",
      "isChecked": "F",
      "isDefault": false,
      "isDisabled": false,
      "isMandatory": false,
      "maxDate": "",
      "minDate": "",
      "isDateRange": false,
      "recordName": "aux",
      "fieldName": "",
      "sublistName": "",
      "regex": "",
      "icon": "",
      "onCheckEventId": "",
      "onClickEventId": "",
      "onLoadEventId": "5",
      "onRowClickEventId": "",
      "onSelectEventId": "",
      "onValidateEventId": "",
      "onLoadEvent": {
        "responseKeys": "",
        "scriptId": "customscript_get_warehouses",
        "deploymentId": "customdeploy_get_warehouses",
        "clientFilePath": "",
        "clientFunctionName": "",
        "actionTypeId": "4",
        "url": "/app/site/hosting/restlet.nl?script=109&deploy=1&compid=TSTDRV1796256",
        "processId": "",
        "importedProcessId": "",
        "actionName": "Get Warehouses on Dropdown load event",
        "actionType": "GetOnLoadDataRestlet",
        "params": []
      }
    },
    "componentId_6": {
      "elementType": "ActionButton",
      "label": "Next",
      "labelType": "",
      "placeholder": "",
      "elementId": "6",
      "elementName": "goToPOButton",
      "columnNames": "",
      "columnKeys": "",
      "format": "",
      "groupName": "",
      "inputId": "",
      "inputValue": "",
      "isChecked": "F",
      "isDefault": false,
      "isDisabled": false,
      "isMandatory": false,
      "maxDate": "",
      "minDate": "",
      "isDateRange": false,
      "recordName": "",
      "fieldName": "",
      "sublistName": "",
      "regex": "",
      "icon": "",
      "onCheckEventId": "",
      "onClickEventId": "7",
      "onLoadEventId": "",
      "onRowClickEventId": "",
      "onSelectEventId": "",
      "onValidateEventId": "",
      "onClickEvent": {
        "responseKeys": "",
        "scriptId": "",
        "deploymentId": "",
        "clientFilePath": "",
        "clientFunctionName": "",
        "actionTypeId": "6",
        "url": "",
        "processId": "",
        "importedProcessId": "",
        "actionName": "Go to PO Page",
        "actionType": "ForwardForm",
        "params": [
          {
            "paramName": "PO Page Id",
            "paramKey": "page_id",
            "paramValue": "pageId_5",
            "paramSource": ""
          }
        ]
      }
    },
    "componentId_4": {
      "elementType": "ActionButton",
      "label": "Go to Test Page",
      "labelType": "",
      "placeholder": "",
      "elementId": "4",
      "elementName": "testButton",
      "columnNames": "",
      "columnKeys": "",
      "format": "",
      "groupName": "",
      "inputId": "",
      "inputValue": "",
      "isChecked": "F",
      "isDefault": false,
      "isDisabled": false,
      "isMandatory": false,
      "maxDate": "",
      "minDate": "",
      "isDateRange": false,
      "recordName": "",
      "fieldName": "",
      "sublistName": "",
      "regex": "",
      "icon": "",
      "onCheckEventId": "",
      "onClickEventId": "19",
      "onLoadEventId": "",
      "onRowClickEventId": "",
      "onSelectEventId": "",
      "onValidateEventId": "",
      "onClickEvent": {
        "responseKeys": "",
        "scriptId": "",
        "deploymentId": "",
        "clientFilePath": "",
        "clientFunctionName": "",
        "actionTypeId": "5",
        "url": "",
        "processId": "",
        "importedProcessId": "",
        "actionName": "Navigate to Test Page",
        "actionType": "Navigation",
        "params": [
          {
            "paramName": "target page id",
            "paramKey": "page_id",
            "paramValue": "pageId_4",
            "paramSource": ""
          }
        ]
      }
    },
    "componentId_29": {
      "elementType": "ActionButton",
      "label": "Do your experiments here",
      "labelType": "",
      "placeholder": "",
      "elementId": "29",
      "elementName": "experiment",
      "columnNames": "",
      "columnKeys": "",
      "format": "",
      "groupName": "",
      "inputId": "",
      "inputValue": "",
      "isChecked": "F",
      "isDefault": false,
      "isDisabled": false,
      "isMandatory": false,
      "maxDate": "",
      "minDate": "",
      "isDateRange": false,
      "recordName": "",
      "fieldName": "",
      "sublistName": "",
      "regex": "",
      "icon": "",
      "onCheckEventId": "",
      "onClickEventId": "24",
      "onLoadEventId": "",
      "onRowClickEventId": "",
      "onSelectEventId": "",
      "onValidateEventId": "",
      "onClickEvent": {
        "responseKeys": "",
        "scriptId": "",
        "deploymentId": "",
        "clientFilePath": "",
        "clientFunctionName": "",
        "actionTypeId": "5",
        "url": "",
        "processId": "",
        "importedProcessId": "",
        "actionName": "Go to Experiment Page",
        "actionType": "Navigation",
        "params": [
          {
            "paramName": "Experiment Page Id",
            "paramKey": "page_id",
            "paramValue": "pageId_10",
            "paramSource": ""
          }
        ]
      }
    },
    "componentId_51": {
      "elementType": "ActionButton",
      "label": "Go to Demo Page",
      "labelType": "",
      "placeholder": "",
      "elementId": "51",
      "elementName": "demoPageButton",
      "columnNames": "",
      "columnKeys": "",
      "format": "",
      "groupName": "",
      "inputId": "",
      "inputValue": "",
      "isChecked": "F",
      "isDefault": false,
      "isDisabled": false,
      "isMandatory": false,
      "maxDate": "",
      "minDate": "",
      "isDateRange": false,
      "recordName": "",
      "fieldName": "",
      "sublistName": "",
      "regex": "",
      "icon": "",
      "onCheckEventId": "",
      "onClickEventId": "36",
      "onLoadEventId": "",
      "onRowClickEventId": "",
      "onSelectEventId": "",
      "onValidateEventId": "",
      "onClickEvent": {
        "responseKeys": "",
        "scriptId": "",
        "deploymentId": "",
        "clientFilePath": "",
        "clientFunctionName": "",
        "actionTypeId": "5",
        "url": "",
        "processId": "",
        "importedProcessId": "",
        "actionName": "Go to Demos Page",
        "actionType": "Navigation",
        "params": [
          {
            "paramName": "demo page id",
            "paramKey": "page_id",
            "paramValue": "pageId_12",
            "paramSource": ""
          }
        ]
      }
    },
    "componentId_9": {
      "elementType": "Date",
      "label": "Enter Date",
      "labelType": "",
      "placeholder": "",
      "elementId": "9",
      "elementName": "sampleDatePicker",
      "columnNames": "",
      "columnKeys": "",
      "format": "",
      "groupName": "",
      "inputId": "",
      "inputValue": "",
      "isChecked": "F",
      "isDefault": false,
      "isDisabled": false,
      "isMandatory": false,
      "maxDate": "12/31/2018 11:59:59 PM",
      "minDate": "1/1/2018 12:00:00 AM",
      "isDateRange": true,
      "recordName": "",
      "fieldName": "",
      "sublistName": "",
      "regex": "",
      "icon": "",
      "onCheckEventId": "",
      "onClickEventId": "",
      "onLoadEventId": "",
      "onRowClickEventId": "",
      "onSelectEventId": "",
      "onValidateEventId": ""
    },
    "componentId_10": {
      "elementType": "TextBox",
      "label": "Initials",
      "labelType": "",
      "placeholder": "",
      "elementId": "10",
      "elementName": "Initials",
      "columnNames": "",
      "columnKeys": "",
      "format": "",
      "groupName": "",
      "inputId": "",
      "inputValue": "",
      "isChecked": "F",
      "isDefault": false,
      "isDisabled": false,
      "isMandatory": false,
      "maxDate": "",
      "minDate": "",
      "isDateRange": false,
      "recordName": "employee",
      "fieldName": "initials",
      "sublistName": "",
      "regex": "",
      "icon": "",
      "onCheckEventId": "",
      "onClickEventId": "",
      "onLoadEventId": "",
      "onRowClickEventId": "",
      "onSelectEventId": "",
      "onValidateEventId": ""
    },
    "componentId_12": {
      "elementType": "ActionButton",
      "label": "Next",
      "labelType": "",
      "placeholder": "",
      "elementId": "12",
      "elementName": "Next",
      "columnNames": "",
      "columnKeys": "",
      "format": "",
      "groupName": "",
      "inputId": "",
      "inputValue": "",
      "isChecked": "F",
      "isDefault": false,
      "isDisabled": false,
      "isMandatory": false,
      "maxDate": "",
      "minDate": "",
      "isDateRange": false,
      "recordName": "",
      "fieldName": "",
      "sublistName": "",
      "regex": "",
      "icon": "",
      "onCheckEventId": "",
      "onClickEventId": "12",
      "onLoadEventId": "",
      "onRowClickEventId": "",
      "onSelectEventId": "",
      "onValidateEventId": "",
      "onClickEvent": {
        "responseKeys": "",
        "scriptId": "",
        "deploymentId": "",
        "clientFilePath": "",
        "clientFunctionName": "",
        "actionTypeId": "6",
        "url": "",
        "processId": "",
        "importedProcessId": "",
        "actionName": "Forward form to Test Page",
        "actionType": "ForwardForm",
        "params": [
          {
            "paramName": "target page id",
            "paramKey": "page_id",
            "paramValue": "pageId_7",
            "paramSource": ""
          }
        ]
      }
    },
    "componentId_13": {
      "elementType": "TextBox",
      "label": "Contact Name",
      "labelType": "",
      "placeholder": "",
      "elementId": "13",
      "elementName": "emergencyname",
      "columnNames": "",
      "columnKeys": "",
      "format": "",
      "groupName": "",
      "inputId": "",
      "inputValue": "",
      "isChecked": "F",
      "isDefault": false,
      "isDisabled": true,
      "isMandatory": false,
      "maxDate": "",
      "minDate": "",
      "isDateRange": false,
      "recordName": "employee",
      "fieldName": "contact",
      "sublistName": "emergencycontact",
      "regex": "",
      "icon": "",
      "onCheckEventId": "",
      "onClickEventId": "",
      "onLoadEventId": "",
      "onRowClickEventId": "",
      "onSelectEventId": "",
      "onValidateEventId": ""
    },
    "componentId_14": {
      "elementType": "TextBox",
      "label": "Contact address",
      "labelType": "",
      "placeholder": "",
      "elementId": "14",
      "elementName": "emergencyaddress",
      "columnNames": "",
      "columnKeys": "",
      "format": "",
      "groupName": "",
      "inputId": "",
      "inputValue": "",
      "isChecked": "F",
      "isDefault": false,
      "isDisabled": false,
      "isMandatory": false,
      "maxDate": "",
      "minDate": "",
      "isDateRange": false,
      "recordName": "employee",
      "fieldName": "address",
      "sublistName": "emergencycontact",
      "regex": "",
      "icon": "",
      "onCheckEventId": "",
      "onClickEventId": "",
      "onLoadEventId": "",
      "onRowClickEventId": "",
      "onSelectEventId": "",
      "onValidateEventId": ""
    },
    "componentId_15": {
      "elementType": "TextBox",
      "label": "Contact relationship",
      "labelType": "",
      "placeholder": "",
      "elementId": "15",
      "elementName": "employeerelationship",
      "columnNames": "",
      "columnKeys": "",
      "format": "",
      "groupName": "",
      "inputId": "",
      "inputValue": "",
      "isChecked": "F",
      "isDefault": false,
      "isDisabled": false,
      "isMandatory": false,
      "maxDate": "",
      "minDate": "",
      "isDateRange": false,
      "recordName": "employee",
      "fieldName": "relationship",
      "sublistName": "emergencycontact",
      "regex": "",
      "icon": "",
      "onCheckEventId": "",
      "onClickEventId": "",
      "onLoadEventId": "",
      "onRowClickEventId": "",
      "onSelectEventId": "",
      "onValidateEventId": ""
    },
    "componentId_16": {
      "elementType": "TextBox",
      "label": "Contact phone",
      "labelType": "",
      "placeholder": "",
      "elementId": "16",
      "elementName": "employeephone",
      "columnNames": "",
      "columnKeys": "",
      "format": "",
      "groupName": "",
      "inputId": "",
      "inputValue": "",
      "isChecked": "F",
      "isDefault": false,
      "isDisabled": false,
      "isMandatory": true,
      "maxDate": "",
      "minDate": "",
      "isDateRange": false,
      "recordName": "employee",
      "fieldName": "phone",
      "sublistName": "emergencycontact",
      "regex": "^[0-9]*$",
      "icon": "",
      "onCheckEventId": "",
      "onClickEventId": "",
      "onLoadEventId": "",
      "onRowClickEventId": "",
      "onSelectEventId": "",
      "onValidateEventId": ""
    },
    "componentId_17": {
      "elementType": "TextBox",
      "label": "Certificates",
      "labelType": "",
      "placeholder": "",
      "elementId": "17",
      "elementName": "certifications",
      "columnNames": "",
      "columnKeys": "",
      "format": "",
      "groupName": "",
      "inputId": "",
      "inputValue": "",
      "isChecked": "F",
      "isDefault": false,
      "isDisabled": false,
      "isMandatory": false,
      "maxDate": "",
      "minDate": "",
      "isDateRange": false,
      "recordName": "employee",
      "fieldName": "name",
      "sublistName": "recmachcustrecord_employee",
      "regex": "",
      "icon": "",
      "onCheckEventId": "",
      "onClickEventId": "",
      "onLoadEventId": "",
      "onRowClickEventId": "",
      "onSelectEventId": "",
      "onValidateEventId": ""
    },
    "componentId_26": {
      "elementType": "TextBox",
      "label": "sample aux param",
      "labelType": "",
      "placeholder": "",
      "elementId": "26",
      "elementName": "testaux",
      "columnNames": "",
      "columnKeys": "",
      "format": "",
      "groupName": "",
      "inputId": "",
      "inputValue": "",
      "isChecked": "F",
      "isDefault": false,
      "isDisabled": false,
      "isMandatory": false,
      "maxDate": "",
      "minDate": "",
      "isDateRange": false,
      "recordName": "aux",
      "fieldName": "",
      "sublistName": "",
      "regex": "",
      "icon": "",
      "onCheckEventId": "",
      "onClickEventId": "",
      "onLoadEventId": "",
      "onRowClickEventId": "",
      "onSelectEventId": "",
      "onValidateEventId": ""
    },
    "componentId_27": {
      "elementType": "ActionButton",
      "label": "Client Function - Concat params",
      "labelType": "",
      "placeholder": "",
      "elementId": "27",
      "elementName": "clientfuncButton",
      "columnNames": "",
      "columnKeys": "",
      "format": "",
      "groupName": "",
      "inputId": "",
      "inputValue": "",
      "isChecked": "F",
      "isDefault": false,
      "isDisabled": false,
      "isMandatory": false,
      "maxDate": "",
      "minDate": "",
      "isDateRange": false,
      "recordName": "",
      "fieldName": "",
      "sublistName": "",
      "regex": "",
      "icon": "",
      "onCheckEventId": "",
      "onClickEventId": "20",
      "onLoadEventId": "",
      "onRowClickEventId": "",
      "onSelectEventId": "",
      "onValidateEventId": "",
      "onClickEvent": {
        "responseKeys": "",
        "scriptId": "",
        "deploymentId": "",
        "clientFilePath": "https://system.netsuite.com/core/media/media.nl?id=12251&c=TSTDRV1796256&h=3ed3ce9fcf20eae67804&mv=jczyfxc0&_xt=.js&whence=",
        "clientFunctionName": "concatParams",
        "actionTypeId": "3",
        "url": "",
        "processId": "",
        "importedProcessId": "",
        "actionName": "Concat strings",
        "actionType": "Client Function",
        "params": [
          {
            "paramName": "name initials",
            "paramKey": "initial",
            "paramValue": "Initials",
            "paramSource": "Current Page"
          },
          {
            "paramName": "firstName",
            "paramKey": "firstName",
            "paramValue": "First Name",
            "paramSource": "Current Page"
          },
          {
            "paramName": "lastName",
            "paramKey": "lastName",
            "paramValue": "Jain",
            "paramSource": ""
          }
        ]
      }
    },
    "componentId_53": {
      "elementType": "Checkbox",
      "label": "Items",
      "labelType": "",
      "placeholder": "",
      "elementId": "53",
      "elementName": "customCheckbox",
      "columnNames": "",
      "columnKeys": "",
      "format": "",
      "groupName": "",
      "inputId": "car,bike",
      "inputValue": "Car,Bike",
      "isChecked": "true",
      "isDefault": false,
      "isDisabled": false,
      "isMandatory": true,
      "maxDate": "",
      "minDate": "",
      "isDateRange": false,
      "recordName": "",
      "fieldName": "",
      "sublistName": "",
      "regex": "",
      "icon": "",
      "onCheckEventId": "",
      "onClickEventId": "",
      "onLoadEventId": "",
      "onRowClickEventId": "",
      "onSelectEventId": "",
      "onValidateEventId": ""
    },
    "componentId_42": {
      "elementType": "NumericStepper",
      "label": "Quantity",
      "labelType": "",
      "placeholder": "",
      "elementId": "42",
      "elementName": "customNumericStepper",
      "columnNames": "",
      "columnKeys": "",
      "format": "",
      "groupName": "",
      "inputId": "",
      "inputValue": "",
      "isChecked": "F",
      "isDefault": false,
      "isDisabled": false,
      "isMandatory": true,
      "maxDate": "",
      "minDate": "",
      "isDateRange": false,
      "recordName": "",
      "fieldName": "",
      "sublistName": "",
      "regex": "",
      "icon": "",
      "onCheckEventId": "",
      "onClickEventId": "",
      "onLoadEventId": "",
      "onRowClickEventId": "",
      "onSelectEventId": "",
      "onValidateEventId": ""
    },
    "componentId_28": {
      "elementType": "ActionButton",
      "label": "Client Function - Call getValue API",
      "labelType": "",
      "placeholder": "",
      "elementId": "28",
      "elementName": "clientfunc2button",
      "columnNames": "",
      "columnKeys": "",
      "format": "",
      "groupName": "",
      "inputId": "",
      "inputValue": "",
      "isChecked": "F",
      "isDefault": false,
      "isDisabled": false,
      "isMandatory": false,
      "maxDate": "",
      "minDate": "",
      "isDateRange": false,
      "recordName": "",
      "fieldName": "",
      "sublistName": "",
      "regex": "",
      "icon": "",
      "onCheckEventId": "",
      "onClickEventId": "23",
      "onLoadEventId": "",
      "onRowClickEventId": "",
      "onSelectEventId": "",
      "onValidateEventId": "",
      "onClickEvent": {
        "responseKeys": "",
        "scriptId": "",
        "deploymentId": "",
        "clientFilePath": "https://system.netsuite.com/core/media/media.nl?id=12251&c=TSTDRV1796256&h=3ed3ce9fcf20eae67804&_xt=.js",
        "clientFunctionName": "getElementValue",
        "actionTypeId": "3",
        "url": "",
        "processId": "",
        "importedProcessId": "",
        "actionName": "Test Mobile Get Value",
        "actionType": "Client Function",
        "params": []
      }
    },
    "componentId_32": {
      "elementType": "ActionButton",
      "label": "Client Function - call set value",
      "labelType": "",
      "placeholder": "",
      "elementId": "32",
      "elementName": "clientfunc3Button",
      "columnNames": "",
      "columnKeys": "",
      "format": "",
      "groupName": "",
      "inputId": "",
      "inputValue": "",
      "isChecked": "F",
      "isDefault": false,
      "isDisabled": false,
      "isMandatory": false,
      "maxDate": "",
      "minDate": "",
      "isDateRange": false,
      "recordName": "",
      "fieldName": "",
      "sublistName": "",
      "regex": "",
      "icon": "",
      "onCheckEventId": "",
      "onClickEventId": "25",
      "onLoadEventId": "",
      "onRowClickEventId": "",
      "onSelectEventId": "",
      "onValidateEventId": "",
      "onClickEvent": {
        "responseKeys": "",
        "scriptId": "",
        "deploymentId": "",
        "clientFilePath": "https://system.netsuite.com/core/media/media.nl?id=12251&c=TSTDRV1796256&h=3ed3ce9fcf20eae67804&_xt=.js",
        "clientFunctionName": "setElementValue",
        "actionTypeId": "3",
        "url": "",
        "processId": "",
        "importedProcessId": "",
        "actionName": "Call setValue API",
        "actionType": "Client Function",
        "params": [
          {
            "paramName": "fieldname",
            "paramKey": "fieldName",
            "paramValue": "First Name",
            "paramSource": ""
          },
          {
            "paramName": "fieldValue",
            "paramKey": "fieldValue",
            "paramValue": "Manish the Great",
            "paramSource": ""
          }
        ]
      }
    },
    "componentId_11": {
      "elementType": "TextBox",
      "label": "Name",
      "labelType": "",
      "placeholder": "",
      "elementId": "11",
      "elementName": "First Name",
      "columnNames": "",
      "columnKeys": "",
      "format": "",
      "groupName": "",
      "inputId": "",
      "inputValue": "",
      "isChecked": "F",
      "isDefault": false,
      "isDisabled": false,
      "isMandatory": true,
      "maxDate": "",
      "minDate": "",
      "isDateRange": false,
      "recordName": "employee",
      "fieldName": "firstname",
      "sublistName": "",
      "regex": "",
      "icon": "",
      "onCheckEventId": "",
      "onClickEventId": "",
      "onLoadEventId": "",
      "onRowClickEventId": "",
      "onSelectEventId": "",
      "onValidateEventId": ""
    },
    "componentId_62": {
      "elementType": "DynamicText",
      "label": "",
      "labelType": "",
      "placeholder": "",
      "elementId": "62",
      "elementName": "warehouseDynamicText",
      "columnNames": "",
      "columnKeys": "",
      "format": "",
      "groupName": "",
      "inputId": "",
      "inputValue": "Warehouse: {{dataRecord:auxParams:warehouse}}",
      "isChecked": "",
      "isDefault": false,
      "isDisabled": false,
      "isMandatory": false,
      "maxDate": "",
      "minDate": "",
      "isDateRange": false,
      "recordName": "",
      "fieldName": "",
      "sublistName": "",
      "regex": "",
      "icon": "",
      "onCheckEventId": "",
      "onClickEventId": "",
      "onLoadEventId": "",
      "onRowClickEventId": "",
      "onSelectEventId": "",
      "onValidateEventId": ""
    },
    "componentId_5": {
      "elementType": "DataTable",
      "label": "Select Purchase Order",
      "labelType": "",
      "placeholder": "",
      "elementId": "5",
      "elementName": "poTable",
      "columnNames": "",
      "columnKeys": "[\"poId\",\"name\"]",
      "format": "",
      "groupName": "",
      "inputId": "",
      "inputValue": "",
      "isChecked": "F",
      "isDefault": false,
      "isDisabled": false,
      "isMandatory": false,
      "maxDate": "",
      "minDate": "",
      "isDateRange": false,
      "recordName": "aux",
      "fieldName": "",
      "sublistName": "",
      "regex": "",
      "icon": "",
      "onCheckEventId": "",
      "onClickEventId": "",
      "onLoadEventId": "8",
      "onRowClickEventId": "",
      "onSelectEventId": "",
      "onValidateEventId": "",
      "onLoadEvent": {
        "responseKeys": "",
        "scriptId": "customscript_get_po_by_wh",
        "deploymentId": "customdeploy_get_po_by_wh",
        "clientFilePath": "",
        "clientFunctionName": "",
        "actionTypeId": "4",
        "url": "/app/site/hosting/restlet.nl?script=122&deploy=1&compid=TSTDRV1796256",
        "processId": "",
        "importedProcessId": "",
        "actionName": "Get Po data from warehouse",
        "actionType": "GetOnLoadDataRestlet",
        "params": [
          {
            "paramName": "warehouse detail",
            "paramKey": "warehouse",
            "paramValue": "dataRecord:auxParams:warehouse",
            "paramSource": "State"
          }
        ]
      }
    },
    "componentId_8": {
      "elementType": "ActionButton",
      "label": "Next",
      "labelType": "",
      "placeholder": "",
      "elementId": "8",
      "elementName": "gotoItemsButton",
      "columnNames": "",
      "columnKeys": "",
      "format": "",
      "groupName": "",
      "inputId": "",
      "inputValue": "",
      "isChecked": "F",
      "isDefault": false,
      "isDisabled": false,
      "isMandatory": false,
      "maxDate": "",
      "minDate": "",
      "isDateRange": false,
      "recordName": "",
      "fieldName": "",
      "sublistName": "",
      "regex": "",
      "icon": "",
      "onCheckEventId": "",
      "onClickEventId": "11",
      "onLoadEventId": "",
      "onRowClickEventId": "",
      "onSelectEventId": "",
      "onValidateEventId": "",
      "onClickEvent": {
        "responseKeys": "",
        "scriptId": "",
        "deploymentId": "",
        "clientFilePath": "",
        "clientFunctionName": "",
        "actionTypeId": "6",
        "url": "",
        "processId": "",
        "importedProcessId": "",
        "actionName": "Forward form to Items Table Page",
        "actionType": "ForwardForm",
        "params": [
          {
            "paramName": "Items Page Id",
            "paramKey": "page_id",
            "paramValue": "pageId_6",
            "paramSource": ""
          }
        ]
      }
    },
    "componentId_23": {
      "elementType": "ActionButton",
      "label": "Next",
      "labelType": "",
      "placeholder": "",
      "elementId": "23",
      "elementName": "gotoNextPage",
      "columnNames": "",
      "columnKeys": "",
      "format": "",
      "groupName": "",
      "inputId": "",
      "inputValue": "",
      "isChecked": "F",
      "isDefault": false,
      "isDisabled": false,
      "isMandatory": false,
      "maxDate": "",
      "minDate": "",
      "isDateRange": false,
      "recordName": "",
      "fieldName": "",
      "sublistName": "",
      "regex": "",
      "icon": "",
      "onCheckEventId": "",
      "onClickEventId": "18",
      "onLoadEventId": "",
      "onRowClickEventId": "",
      "onSelectEventId": "",
      "onValidateEventId": "",
      "onClickEvent": {
        "responseKeys": "",
        "scriptId": "",
        "deploymentId": "",
        "clientFilePath": "",
        "clientFunctionName": "",
        "actionTypeId": "6",
        "url": "",
        "processId": "",
        "importedProcessId": "",
        "actionName": "Forward form to PO details page",
        "actionType": "ForwardForm",
        "params": [
          {
            "paramName": "page id",
            "paramKey": "page_id",
            "paramValue": "pageId_9",
            "paramSource": ""
          }
        ]
      }
    },
    "componentId_7": {
      "elementType": "DataTable",
      "label": "Select Item",
      "labelType": "",
      "placeholder": "",
      "elementId": "7",
      "elementName": "itemTable",
      "columnNames": "",
      "columnKeys": "[\"item\",\"received\",\"remaining\"]",
      "format": "",
      "groupName": "",
      "inputId": "",
      "inputValue": "",
      "isChecked": "F",
      "isDefault": false,
      "isDisabled": false,
      "isMandatory": false,
      "maxDate": "",
      "minDate": "",
      "isDateRange": false,
      "recordName": "aux",
      "fieldName": "",
      "sublistName": "",
      "regex": "",
      "icon": "",
      "onCheckEventId": "",
      "onClickEventId": "",
      "onLoadEventId": "10",
      "onRowClickEventId": "",
      "onSelectEventId": "",
      "onValidateEventId": "",
      "onLoadEvent": {
        "responseKeys": "",
        "scriptId": "customscript_get_items_by_po",
        "deploymentId": "customdeploy_get_items_by_po",
        "clientFilePath": "",
        "clientFunctionName": "",
        "actionTypeId": "4",
        "url": "/app/site/hosting/restlet.nl?script=124&deploy=1&compid=TSTDRV1796256",
        "processId": "",
        "importedProcessId": "",
        "actionName": "Get Items for PO",
        "actionType": "GetOnLoadDataRestlet",
        "params": [
          {
            "paramName": "Data from PO Table",
            "paramKey": "poTable",
            "paramValue": "dataRecord:auxParams:poTable",
            "paramSource": "State"
          }
        ]
      }
    },
    "componentId_20": {
      "elementType": "TextBox",
      "label": "Subsidiary",
      "labelType": "",
      "placeholder": "",
      "elementId": "20",
      "elementName": "subsidiary",
      "columnNames": "",
      "columnKeys": "",
      "format": "",
      "groupName": "",
      "inputId": "",
      "inputValue": "",
      "isChecked": "F",
      "isDefault": false,
      "isDisabled": false,
      "isMandatory": false,
      "maxDate": "",
      "minDate": "",
      "isDateRange": false,
      "recordName": "employee",
      "fieldName": "subsidiary",
      "sublistName": "",
      "regex": "",
      "icon": "",
      "onCheckEventId": "",
      "onClickEventId": "",
      "onLoadEventId": "",
      "onRowClickEventId": "",
      "onSelectEventId": "",
      "onValidateEventId": ""
    },
    "componentId_18": {
      "elementType": "TextBox",
      "label": "Certificates",
      "labelType": "",
      "placeholder": "",
      "elementId": "18",
      "elementName": "certificates",
      "columnNames": "",
      "columnKeys": "",
      "format": "",
      "groupName": "",
      "inputId": "",
      "inputValue": "",
      "isChecked": "F",
      "isDefault": false,
      "isDisabled": false,
      "isMandatory": false,
      "maxDate": "",
      "minDate": "",
      "isDateRange": false,
      "recordName": "employee",
      "fieldName": "name",
      "sublistName": "recmachcustrecord_employee",
      "regex": "",
      "icon": "",
      "onCheckEventId": "",
      "onClickEventId": "",
      "onLoadEventId": "",
      "onRowClickEventId": "",
      "onSelectEventId": "",
      "onValidateEventId": ""
    },
    "componentId_19": {
      "elementType": "ActionButton",
      "label": "Next",
      "labelType": "",
      "placeholder": "",
      "elementId": "19",
      "elementName": "nextbutton",
      "columnNames": "",
      "columnKeys": "",
      "format": "",
      "groupName": "",
      "inputId": "",
      "inputValue": "",
      "isChecked": "F",
      "isDefault": false,
      "isDisabled": false,
      "isMandatory": false,
      "maxDate": "",
      "minDate": "",
      "isDateRange": false,
      "recordName": "",
      "fieldName": "",
      "sublistName": "",
      "regex": "",
      "icon": "",
      "onCheckEventId": "",
      "onClickEventId": "13",
      "onLoadEventId": "",
      "onRowClickEventId": "",
      "onSelectEventId": "",
      "onValidateEventId": "",
      "onClickEvent": {
        "responseKeys": "",
        "scriptId": "",
        "deploymentId": "",
        "clientFilePath": "",
        "clientFunctionName": "",
        "actionTypeId": "6",
        "url": "",
        "processId": "",
        "importedProcessId": "",
        "actionName": "Forward form to random test page",
        "actionType": "ForwardForm",
        "params": [
          {
            "paramName": "page id",
            "paramKey": "page_id",
            "paramValue": "pageId_4",
            "paramSource": ""
          }
        ]
      }
    },
    "componentId_21": {
      "elementType": "Process",
      "label": "",
      "labelType": "",
      "placeholder": "",
      "elementId": "21",
      "elementName": "Process 1",
      "columnNames": "",
      "columnKeys": "",
      "format": "",
      "groupName": "",
      "inputId": "",
      "inputValue": "",
      "isChecked": "F",
      "isDefault": false,
      "isDisabled": false,
      "isMandatory": false,
      "maxDate": "",
      "minDate": "",
      "isDateRange": false,
      "recordName": "",
      "fieldName": "",
      "sublistName": "",
      "regex": "",
      "icon": "fa fa-font-awesome",
      "onCheckEventId": "",
      "onClickEventId": "16",
      "onLoadEventId": "",
      "onRowClickEventId": "",
      "onSelectEventId": "",
      "onValidateEventId": "",
      "onClickEvent": {
        "responseKeys": "",
        "scriptId": "",
        "deploymentId": "",
        "clientFilePath": "",
        "clientFunctionName": "",
        "actionTypeId": "8",
        "url": "",
        "processId": "processId_1",
        "importedProcessId": "",
        "actionName": "Process Navigation For Process 1",
        "actionType": "Process Navigation",
        "params": []
      }
    },
    "componentId_22": {
      "elementType": "Process",
      "label": "",
      "labelType": "",
      "placeholder": "",
      "elementId": "22",
      "elementName": "Process 2",
      "columnNames": "",
      "columnKeys": "",
      "format": "",
      "groupName": "",
      "inputId": "",
      "inputValue": "",
      "isChecked": "F",
      "isDefault": false,
      "isDisabled": false,
      "isMandatory": false,
      "maxDate": "",
      "minDate": "",
      "isDateRange": false,
      "recordName": "",
      "fieldName": "",
      "sublistName": "",
      "regex": "",
      "icon": "fa fa-simplybuilt",
      "onCheckEventId": "",
      "onClickEventId": "17",
      "onLoadEventId": "",
      "onRowClickEventId": "",
      "onSelectEventId": "",
      "onValidateEventId": "",
      "onClickEvent": {
        "responseKeys": "",
        "scriptId": "",
        "deploymentId": "",
        "clientFilePath": "",
        "clientFunctionName": "",
        "actionTypeId": "8",
        "url": "",
        "processId": "processId_2",
        "importedProcessId": "",
        "actionName": "Process Action for Process 2",
        "actionType": "Process Navigation",
        "params": []
      }
    },
    "componentId_63": {
      "elementType": "UOM",
      "label": "Enter Quantity using UOM",
      "labelType": "",
      "placeholder": "",
      "elementId": "63",
      "elementName": "uomQuantity",
      "columnNames": "",
      "columnKeys": "",
      "format": "",
      "groupName": "",
      "inputId": "",
      "inputValue": "dataRecord:auxParams:itemTable",
      "isChecked": "",
      "isDefault": false,
      "isDisabled": false,
      "isMandatory": false,
      "maxDate": "",
      "minDate": "",
      "isDateRange": false,
      "recordName": "",
      "fieldName": "",
      "sublistName": "",
      "regex": "",
      "icon": "",
      "onCheckEventId": "",
      "onClickEventId": "",
      "onLoadEventId": "",
      "onRowClickEventId": "",
      "onSelectEventId": "",
      "onValidateEventId": ""
    },
    "componentId_24": {
      "elementType": "TextBox",
      "label": "Enter Quantity to be received",
      "labelType": "",
      "placeholder": "",
      "elementId": "24",
      "elementName": "textBoxQuantity",
      "columnNames": "",
      "columnKeys": "",
      "format": "",
      "groupName": "",
      "inputId": "",
      "inputValue": "",
      "isChecked": "F",
      "isDefault": false,
      "isDisabled": false,
      "isMandatory": false,
      "maxDate": "",
      "minDate": "",
      "isDateRange": false,
      "recordName": "itemreceipt",
      "fieldName": "quantity",
      "sublistName": "item",
      "regex": "",
      "icon": "",
      "onCheckEventId": "",
      "onClickEventId": "",
      "onLoadEventId": "",
      "onRowClickEventId": "",
      "onSelectEventId": "",
      "onValidateEventId": ""
    },
    "componentId_25": {
      "elementType": "TextBox",
      "label": "Enter Serial Number",
      "labelType": "",
      "placeholder": "",
      "elementId": "25",
      "elementName": "textBoxSerial",
      "columnNames": "",
      "columnKeys": "",
      "format": "",
      "groupName": "",
      "inputId": "",
      "inputValue": "",
      "isChecked": "F",
      "isDefault": false,
      "isDisabled": false,
      "isMandatory": false,
      "maxDate": "",
      "minDate": "",
      "isDateRange": false,
      "recordName": "itemreceipt",
      "fieldName": "serialnumbers",
      "sublistName": "item",
      "regex": "",
      "icon": "",
      "onCheckEventId": "",
      "onClickEventId": "",
      "onLoadEventId": "",
      "onRowClickEventId": "",
      "onSelectEventId": "",
      "onValidateEventId": ""
    },
    "componentId_54": {
      "elementType": "TextBox",
      "label": "Test your stuff here",
      "labelType": "",
      "placeholder": "",
      "elementId": "54",
      "elementName": "NeTextBox",
      "columnNames": "",
      "columnKeys": "",
      "format": "",
      "groupName": "",
      "inputId": "",
      "inputValue": "",
      "isChecked": "",
      "isDefault": false,
      "isDisabled": false,
      "isMandatory": false,
      "maxDate": "",
      "minDate": "",
      "isDateRange": false,
      "recordName": "",
      "fieldName": "",
      "sublistName": "",
      "regex": "",
      "icon": "",
      "onCheckEventId": "",
      "onClickEventId": "",
      "onLoadEventId": "",
      "onRowClickEventId": "",
      "onSelectEventId": "",
      "onValidateEventId": ""
    },
    "componentId_30": {
      "elementType": "ActionButton",
      "label": "TxtButton",
      "labelType": "",
      "placeholder": "",
      "elementId": "30",
      "elementName": "NwTextButton",
      "columnNames": "",
      "columnKeys": "",
      "format": "",
      "groupName": "",
      "inputId": "",
      "inputValue": "",
      "isChecked": "",
      "isDefault": false,
      "isDisabled": false,
      "isMandatory": false,
      "maxDate": "",
      "minDate": "",
      "isDateRange": false,
      "recordName": "",
      "fieldName": "",
      "sublistName": "",
      "regex": "",
      "icon": "",
      "onCheckEventId": "",
      "onClickEventId": "",
      "onLoadEventId": "",
      "onRowClickEventId": "",
      "onSelectEventId": "",
      "onValidateEventId": ""
    },
    "componentId_56": {
      "elementType": "HiddenValuesSet",
      "label": "",
      "labelType": "",
      "placeholder": "",
      "elementId": "56",
      "elementName": "hidden array test",
      "columnNames": "",
      "columnKeys": "",
      "format": "",
      "groupName": "",
      "inputId": "",
      "inputValue": "",
      "isChecked": "",
      "isDefault": false,
      "isDisabled": false,
      "isMandatory": false,
      "maxDate": "",
      "minDate": "",
      "isDateRange": false,
      "recordName": "",
      "fieldName": "",
      "sublistName": "",
      "regex": "",
      "icon": "",
      "onCheckEventId": "",
      "onClickEventId": "",
      "onLoadEventId": "34",
      "onRowClickEventId": "",
      "onSelectEventId": "",
      "onValidateEventId": "",
      "onLoadEvent": {
        "responseKeys": "",
        "scriptId": "customscript_get_hidden_array",
        "deploymentId": "customdeploy_get_hidden_array",
        "clientFilePath": "",
        "clientFunctionName": "",
        "actionTypeId": "4",
        "url": "/app/site/hosting/restlet.nl?script=146&deploy=1&compid=TSTDRV1796256",
        "processId": "",
        "importedProcessId": "",
        "actionName": "Get Hidden Array Test",
        "actionType": "GetOnLoadDataRestlet",
        "params": []
      }
    },
    "componentId_43": {
      "elementType": "TextBox",
      "label": "First Name",
      "labelType": "",
      "placeholder": "",
      "elementId": "43",
      "elementName": "firstname",
      "columnNames": "",
      "columnKeys": "",
      "format": "",
      "groupName": "",
      "inputId": "",
      "inputValue": "",
      "isChecked": "F",
      "isDefault": false,
      "isDisabled": false,
      "isMandatory": false,
      "maxDate": "",
      "minDate": "",
      "isDateRange": false,
      "recordName": "",
      "fieldName": "",
      "sublistName": "",
      "regex": "",
      "icon": "",
      "onCheckEventId": "",
      "onClickEventId": "",
      "onLoadEventId": "",
      "onRowClickEventId": "",
      "onSelectEventId": "",
      "onValidateEventId": ""
    },
    "componentId_44": {
      "elementType": "TextBox",
      "label": "Last Name",
      "labelType": "",
      "placeholder": "",
      "elementId": "44",
      "elementName": "lastname",
      "columnNames": "",
      "columnKeys": "",
      "format": "",
      "groupName": "",
      "inputId": "",
      "inputValue": "",
      "isChecked": "F",
      "isDefault": false,
      "isDisabled": false,
      "isMandatory": false,
      "maxDate": "",
      "minDate": "",
      "isDateRange": false,
      "recordName": "",
      "fieldName": "",
      "sublistName": "",
      "regex": "",
      "icon": "",
      "onCheckEventId": "",
      "onClickEventId": "",
      "onLoadEventId": "",
      "onRowClickEventId": "",
      "onSelectEventId": "",
      "onValidateEventId": ""
    },
    "componentId_45": {
      "elementType": "TextBox",
      "label": "Full Name",
      "labelType": "",
      "placeholder": "",
      "elementId": "45",
      "elementName": "fullname",
      "columnNames": "",
      "columnKeys": "",
      "format": "",
      "groupName": "",
      "inputId": "",
      "inputValue": "",
      "isChecked": "F",
      "isDefault": false,
      "isDisabled": false,
      "isMandatory": false,
      "maxDate": "",
      "minDate": "",
      "isDateRange": false,
      "recordName": "",
      "fieldName": "",
      "sublistName": "",
      "regex": "",
      "icon": "",
      "onCheckEventId": "",
      "onClickEventId": "",
      "onLoadEventId": "",
      "onRowClickEventId": "",
      "onSelectEventId": "",
      "onValidateEventId": ""
    },
    "componentId_46": {
      "elementType": "ActionButton",
      "label": "Show Full Name",
      "labelType": "",
      "placeholder": "",
      "elementId": "46",
      "elementName": "Show Full Name",
      "columnNames": "",
      "columnKeys": "",
      "format": "",
      "groupName": "",
      "inputId": "",
      "inputValue": "",
      "isChecked": "F",
      "isDefault": false,
      "isDisabled": false,
      "isMandatory": false,
      "maxDate": "",
      "minDate": "",
      "isDateRange": false,
      "recordName": "",
      "fieldName": "",
      "sublistName": "",
      "regex": "",
      "icon": "",
      "onCheckEventId": "",
      "onClickEventId": "28",
      "onLoadEventId": "",
      "onRowClickEventId": "",
      "onSelectEventId": "",
      "onValidateEventId": "",
      "onClickEvent": {
        "responseKeys": "",
        "scriptId": "",
        "deploymentId": "",
        "clientFilePath": "https://system.netsuite.com/core/media/media.nl?id=12452&c=TSTDRV1796256&h=b354173cbeb3f4fb6b80&_xt=.js",
        "clientFunctionName": "showFullName",
        "actionTypeId": "3",
        "url": "",
        "processId": "",
        "importedProcessId": "",
        "actionName": "Demo Action - Show Full Name",
        "actionType": "Client Function",
        "params": []
      }
    },
    "componentId_47": {
      "elementType": "ActionButton",
      "label": "Hide Full Name",
      "labelType": "",
      "placeholder": "",
      "elementId": "47",
      "elementName": "Hide Full Name",
      "columnNames": "",
      "columnKeys": "",
      "format": "",
      "groupName": "",
      "inputId": "",
      "inputValue": "",
      "isChecked": "F",
      "isDefault": false,
      "isDisabled": false,
      "isMandatory": false,
      "maxDate": "",
      "minDate": "",
      "isDateRange": false,
      "recordName": "",
      "fieldName": "",
      "sublistName": "",
      "regex": "",
      "icon": "",
      "onCheckEventId": "",
      "onClickEventId": "27",
      "onLoadEventId": "",
      "onRowClickEventId": "",
      "onSelectEventId": "",
      "onValidateEventId": "",
      "onClickEvent": {
        "responseKeys": "",
        "scriptId": "",
        "deploymentId": "",
        "clientFilePath": "https://system.netsuite.com/core/media/media.nl?id=12452&c=TSTDRV1796256&h=b354173cbeb3f4fb6b80&_xt=.js",
        "clientFunctionName": "hideFullName",
        "actionTypeId": "3",
        "url": "",
        "processId": "",
        "importedProcessId": "",
        "actionName": "Demo Action - Hide Full Name",
        "actionType": "Client Function",
        "params": []
      }
    },
    "componentId_48": {
      "elementType": "ActionButton",
      "label": "Enable Full Name",
      "labelType": "",
      "placeholder": "",
      "elementId": "48",
      "elementName": "Enable Full Name",
      "columnNames": "",
      "columnKeys": "",
      "format": "",
      "groupName": "",
      "inputId": "",
      "inputValue": "",
      "isChecked": "F",
      "isDefault": false,
      "isDisabled": false,
      "isMandatory": false,
      "maxDate": "",
      "minDate": "",
      "isDateRange": false,
      "recordName": "",
      "fieldName": "",
      "sublistName": "",
      "regex": "",
      "icon": "",
      "onCheckEventId": "",
      "onClickEventId": "29",
      "onLoadEventId": "",
      "onRowClickEventId": "",
      "onSelectEventId": "",
      "onValidateEventId": "",
      "onClickEvent": {
        "responseKeys": "",
        "scriptId": "",
        "deploymentId": "",
        "clientFilePath": "https://system.netsuite.com/core/media/media.nl?id=12452&c=TSTDRV1796256&h=b354173cbeb3f4fb6b80&_xt=.js",
        "clientFunctionName": "enableFullName",
        "actionTypeId": "3",
        "url": "",
        "processId": "",
        "importedProcessId": "",
        "actionName": "Demo Action - Enable Full Name",
        "actionType": "Client Function",
        "params": []
      }
    },
    "componentId_49": {
      "elementType": "ActionButton",
      "label": "Disable Full Name",
      "labelType": "",
      "placeholder": "",
      "elementId": "49",
      "elementName": "Disable Full Name",
      "columnNames": "",
      "columnKeys": "",
      "format": "",
      "groupName": "",
      "inputId": "",
      "inputValue": "",
      "isChecked": "F",
      "isDefault": false,
      "isDisabled": false,
      "isMandatory": false,
      "maxDate": "",
      "minDate": "",
      "isDateRange": false,
      "recordName": "",
      "fieldName": "",
      "sublistName": "",
      "regex": "",
      "icon": "",
      "onCheckEventId": "",
      "onClickEventId": "30",
      "onLoadEventId": "",
      "onRowClickEventId": "",
      "onSelectEventId": "",
      "onValidateEventId": "",
      "onClickEvent": {
        "responseKeys": "",
        "scriptId": "",
        "deploymentId": "",
        "clientFilePath": "https://system.netsuite.com/core/media/media.nl?id=12452&c=TSTDRV1796256&h=b354173cbeb3f4fb6b80&_xt=.js",
        "clientFunctionName": "disableFullName",
        "actionTypeId": "3",
        "url": "",
        "processId": "",
        "importedProcessId": "",
        "actionName": "Demo Action - Disable Full Name",
        "actionType": "Client Function",
        "params": []
      }
    },
    "componentId_50": {
      "elementType": "ActionButton",
      "label": "Compute Full Name",
      "labelType": "",
      "placeholder": "",
      "elementId": "50",
      "elementName": "Set Full Name",
      "columnNames": "",
      "columnKeys": "",
      "format": "",
      "groupName": "",
      "inputId": "",
      "inputValue": "",
      "isChecked": "F",
      "isDefault": false,
      "isDisabled": false,
      "isMandatory": false,
      "maxDate": "",
      "minDate": "",
      "isDateRange": false,
      "recordName": "",
      "fieldName": "",
      "sublistName": "",
      "regex": "",
      "icon": "",
      "onCheckEventId": "",
      "onClickEventId": "31",
      "onLoadEventId": "",
      "onRowClickEventId": "",
      "onSelectEventId": "",
      "onValidateEventId": "",
      "onClickEvent": {
        "responseKeys": "",
        "scriptId": "",
        "deploymentId": "",
        "clientFilePath": "https://system.netsuite.com/core/media/media.nl?id=12452&c=TSTDRV1796256&h=b354173cbeb3f4fb6b80&_xt=.js",
        "clientFunctionName": "computeFullName",
        "actionTypeId": "3",
        "url": "",
        "processId": "",
        "importedProcessId": "",
        "actionName": "Demo Action - Compute Full Name",
        "actionType": "Client Function",
        "params": []
      }
    },
    "componentId_52": {
      "elementType": "ActionButton",
      "label": "Concatenate All Params",
      "labelType": "",
      "placeholder": "",
      "elementId": "52",
      "elementName": "Concat Params",
      "columnNames": "",
      "columnKeys": "",
      "format": "",
      "groupName": "",
      "inputId": "",
      "inputValue": "",
      "isChecked": "F",
      "isDefault": false,
      "isDisabled": false,
      "isMandatory": false,
      "maxDate": "",
      "minDate": "",
      "isDateRange": false,
      "recordName": "",
      "fieldName": "",
      "sublistName": "",
      "regex": "",
      "icon": "",
      "onCheckEventId": "",
      "onClickEventId": "32",
      "onLoadEventId": "",
      "onRowClickEventId": "",
      "onSelectEventId": "",
      "onValidateEventId": "",
      "onClickEvent": {
        "responseKeys": "",
        "scriptId": "",
        "deploymentId": "",
        "clientFilePath": "https://system.netsuite.com/core/media/media.nl?id=12452&c=TSTDRV1796256&h=b354173cbeb3f4fb6b80&_xt=.js",
        "clientFunctionName": "nestedModule.concatParams",
        "actionTypeId": "3",
        "url": "",
        "processId": "",
        "importedProcessId": "",
        "actionName": "Demo Action - Concat Params",
        "actionType": "Client Function",
        "params": [
          {
            "paramName": "b",
            "paramKey": "b",
            "paramValue": "firstname",
            "paramSource": "Current Page"
          },
          {
            "paramName": "c",
            "paramKey": "c",
            "paramValue": "lastname",
            "paramSource": "Current Page"
          },
          {
            "paramName": "a",
            "paramKey": "a",
            "paramValue": "hello!",
            "paramSource": ""
          }
        ]
      }
    },
    "componentId_57": {
      "elementType": "HiddenObject",
      "label": "",
      "labelType": "",
      "placeholder": "",
      "elementId": "57",
      "elementName": "hidden obj",
      "columnNames": "",
      "columnKeys": "",
      "format": "",
      "groupName": "",
      "inputId": "",
      "inputValue": "",
      "isChecked": "",
      "isDefault": false,
      "isDisabled": false,
      "isMandatory": false,
      "maxDate": "",
      "minDate": "",
      "isDateRange": false,
      "recordName": "",
      "fieldName": "",
      "sublistName": "",
      "regex": "",
      "icon": "",
      "onCheckEventId": "",
      "onClickEventId": "",
      "onLoadEventId": "35",
      "onRowClickEventId": "",
      "onSelectEventId": "",
      "onValidateEventId": "",
      "onLoadEvent": {
        "responseKeys": "",
        "scriptId": "customscript_get_hidden_obj_sample",
        "deploymentId": "customdeploy_get_hidden_obj_sample",
        "clientFilePath": "",
        "clientFunctionName": "",
        "actionTypeId": "4",
        "url": "/app/site/hosting/restlet.nl?script=147&deploy=1&compid=TSTDRV1796256",
        "processId": "",
        "importedProcessId": "",
        "actionName": "Get Hidden Object Sample",
        "actionType": "GetOnLoadDataRestlet",
        "params": []
      }
    },
    "componentId_55": {
      "elementType": "ActionButton",
      "label": "Contional Navigation",
      "labelType": "",
      "placeholder": "",
      "elementId": "55",
      "elementName": "conditional action test",
      "columnNames": "",
      "columnKeys": "",
      "format": "",
      "groupName": "",
      "inputId": "",
      "inputValue": "",
      "isChecked": "",
      "isDefault": false,
      "isDisabled": false,
      "isMandatory": false,
      "maxDate": "",
      "minDate": "",
      "isDateRange": false,
      "recordName": "",
      "fieldName": "",
      "sublistName": "",
      "regex": "",
      "icon": "",
      "onCheckEventId": "",
      "onClickEventId": "33",
      "onLoadEventId": "",
      "onRowClickEventId": "",
      "onSelectEventId": "",
      "onValidateEventId": "",
      "onClickEvent": {
        "responseKeys": "",
        "scriptId": "",
        "deploymentId": "",
        "clientFilePath": "",
        "clientFunctionName": "",
        "actionTypeId": "5",
        "url": "",
        "processId": "",
        "importedProcessId": "",
        "actionName": "Sample Conditional Action",
        "actionType": "Navigation",
        "params": [
          {
            "paramName": "a",
            "paramKey": "a",
            "paramValue": "1",
            "paramSource": ""
          }
        ]
      }
    },
    "componentId_58": {
      "elementType": "ActionButton",
      "label": "Custom Client Script Demo",
      "labelType": "",
      "placeholder": "",
      "elementId": "58",
      "elementName": "clientDemo",
      "columnNames": "",
      "columnKeys": "",
      "format": "",
      "groupName": "",
      "inputId": "",
      "inputValue": "",
      "isChecked": "",
      "isDefault": false,
      "isDisabled": false,
      "isMandatory": false,
      "maxDate": "",
      "minDate": "",
      "isDateRange": false,
      "recordName": "",
      "fieldName": "",
      "sublistName": "",
      "regex": "",
      "icon": "",
      "onCheckEventId": "",
      "onClickEventId": "26",
      "onLoadEventId": "",
      "onRowClickEventId": "",
      "onSelectEventId": "",
      "onValidateEventId": "",
      "onClickEvent": {
        "responseKeys": "",
        "scriptId": "",
        "deploymentId": "",
        "clientFilePath": "",
        "clientFunctionName": "",
        "actionTypeId": "5",
        "url": "",
        "processId": "",
        "importedProcessId": "",
        "actionName": "Go to Custom Client Script Page",
        "actionType": "Navigation",
        "params": [
          {
            "paramName": "page id",
            "paramKey": "page_id",
            "paramValue": "pageId_11",
            "paramSource": ""
          }
        ]
      }
    },
    "componentId_64": {
      "elementType": "ActionButton",
      "label": "Hidden Object Demo",
      "labelType": "",
      "placeholder": "",
      "elementId": "64",
      "elementName": "hiddenDemo",
      "columnNames": "",
      "columnKeys": "",
      "format": "",
      "groupName": "",
      "inputId": "",
      "inputValue": "",
      "isChecked": "",
      "isDefault": false,
      "isDisabled": false,
      "isMandatory": false,
      "maxDate": "",
      "minDate": "",
      "isDateRange": false,
      "recordName": "",
      "fieldName": "",
      "sublistName": "",
      "regex": "",
      "icon": "",
      "onCheckEventId": "",
      "onClickEventId": "40",
      "onLoadEventId": "",
      "onRowClickEventId": "",
      "onSelectEventId": "",
      "onValidateEventId": "",
      "onClickEvent": {
        "responseKeys": "",
        "scriptId": "",
        "deploymentId": "",
        "clientFilePath": "",
        "clientFunctionName": "",
        "actionTypeId": "5",
        "url": "",
        "processId": "",
        "importedProcessId": "",
        "actionName": "Go to Hidden Object Demo Page",
        "actionType": "Navigation",
        "params": [
          {
            "paramName": "page id",
            "paramKey": "page_id",
            "paramValue": "pageId_17",
            "paramSource": ""
          }
        ]
      }
    },
    "componentId_60": {
      "elementType": "ActionButton",
      "label": "Conditional Navigation Demo",
      "labelType": "",
      "placeholder": "",
      "elementId": "60",
      "elementName": "ConditionalNavigationDemo",
      "columnNames": "",
      "columnKeys": "",
      "format": "",
      "groupName": "",
      "inputId": "",
      "inputValue": "",
      "isChecked": "",
      "isDefault": false,
      "isDisabled": false,
      "isMandatory": false,
      "maxDate": "",
      "minDate": "",
      "isDateRange": false,
      "recordName": "",
      "fieldName": "",
      "sublistName": "",
      "regex": "",
      "icon": "",
      "onCheckEventId": "",
      "onClickEventId": "38",
      "onLoadEventId": "",
      "onRowClickEventId": "",
      "onSelectEventId": "",
      "onValidateEventId": "",
      "onClickEvent": {
        "responseKeys": "",
        "scriptId": "",
        "deploymentId": "",
        "clientFilePath": "",
        "clientFunctionName": "",
        "actionTypeId": "5",
        "url": "",
        "processId": "",
        "importedProcessId": "",
        "actionName": "Go to Conditional Navigation Demo Page",
        "actionType": "Navigation",
        "params": [
          {
            "paramName": "page id",
            "paramKey": "page_id",
            "paramValue": "pageId_13",
            "paramSource": ""
          }
        ]
      }
    },
    "componentId_59": {
      "elementType": "DropDown",
      "label": "Select Item Type",
      "labelType": "",
      "placeholder": "",
      "elementId": "59",
      "elementName": "itemType",
      "columnNames": "",
      "columnKeys": "",
      "format": "",
      "groupName": "",
      "inputId": "",
      "inputValue": "",
      "isChecked": "",
      "isDefault": false,
      "isDisabled": false,
      "isMandatory": false,
      "maxDate": "",
      "minDate": "",
      "isDateRange": false,
      "recordName": "aux",
      "fieldName": "",
      "sublistName": "",
      "regex": "",
      "icon": "",
      "onCheckEventId": "",
      "onClickEventId": "",
      "onLoadEventId": "37",
      "onRowClickEventId": "",
      "onSelectEventId": "",
      "onValidateEventId": "",
      "onLoadEvent": {
        "responseKeys": "",
        "scriptId": "customscript_get_item_types_restlet",
        "deploymentId": "customdeploy_get_item_types_restlet",
        "clientFilePath": "",
        "clientFunctionName": "",
        "actionTypeId": "4",
        "url": "/app/site/hosting/restlet.nl?script=149&deploy=1&compid=TSTDRV1796256",
        "processId": "",
        "importedProcessId": "",
        "actionName": "Get item types restlet",
        "actionType": "GetOnLoadDataRestlet",
        "params": []
      }
    },
    "componentId_61": {
      "elementType": "ActionButton",
      "label": "Next",
      "labelType": "",
      "placeholder": "",
      "elementId": "61",
      "elementName": "nextButton",
      "columnNames": "",
      "columnKeys": "",
      "format": "",
      "groupName": "",
      "inputId": "",
      "inputValue": "",
      "isChecked": "",
      "isDefault": false,
      "isDisabled": false,
      "isMandatory": false,
      "maxDate": "",
      "minDate": "",
      "isDateRange": false,
      "recordName": "",
      "fieldName": "",
      "sublistName": "",
      "regex": "",
      "icon": "",
      "onCheckEventId": "",
      "onClickEventId": "39",
      "onLoadEventId": "",
      "onRowClickEventId": "",
      "onSelectEventId": "",
      "onValidateEventId": "",
      "onClickEvent": {
        "responseKeys": "",
        "scriptId": "",
        "deploymentId": "",
        "clientFilePath": "",
        "clientFunctionName": "",
        "actionTypeId": "6",
        "url": "",
        "processId": "",
        "importedProcessId": "",
        "actionName": "Conditonally Navigate to Item Details Page",
        "actionType": "ForwardForm",
        "params": [
          {
            "paramName": "itemType",
            "paramKey": "itemType",
            "paramValue": "itemType",
            "paramSource": "Current Page"
          }
        ],
        "conditions": [
          {
            "conditionName": "itemType Check",
            "conditionExpression": "({{itemType.label}} === 'Lot')",
            "conditionValueType": "",
            "conditionValue": "pageId_14"
          },
          {
            "conditionName": "itemType Check",
            "conditionExpression": "({{itemType.label}} === 'Serial')",
            "conditionValueType": "",
            "conditionValue": "pageId_15"
          }
        ]
      }
    },
    "componentId_68": {
      "elementType": "TextBox",
      "label": "First Name",
      "labelType": "",
      "placeholder": "",
      "elementId": "68",
      "elementName": "userName",
      "columnNames": "",
      "columnKeys": "",
      "format": "",
      "groupName": "",
      "inputId": "",
      "inputValue": "",
      "isChecked": "",
      "isDefault": false,
      "isDisabled": false,
      "isMandatory": false,
      "maxDate": "",
      "minDate": "",
      "isDateRange": false,
      "recordName": "aux",
      "fieldName": "",
      "sublistName": "",
      "regex": "",
      "icon": "",
      "onCheckEventId": "",
      "onClickEventId": "",
      "onLoadEventId": "",
      "onRowClickEventId": "",
      "onSelectEventId": "",
      "onValidateEventId": ""
    },
    "componentId_69": {
      "elementType": "ActionButton",
      "label": "Next",
      "labelType": "",
      "placeholder": "",
      "elementId": "69",
      "elementName": "next",
      "columnNames": "",
      "columnKeys": "",
      "format": "",
      "groupName": "",
      "inputId": "",
      "inputValue": "",
      "isChecked": "",
      "isDefault": false,
      "isDisabled": false,
      "isMandatory": false,
      "maxDate": "",
      "minDate": "",
      "isDateRange": false,
      "recordName": "",
      "fieldName": "",
      "sublistName": "",
      "regex": "",
      "icon": "",
      "onCheckEventId": "",
      "onClickEventId": "42",
      "onLoadEventId": "",
      "onRowClickEventId": "",
      "onSelectEventId": "",
      "onValidateEventId": "",
      "onClickEvent": {
        "responseKeys": "",
        "scriptId": "",
        "deploymentId": "",
        "clientFilePath": "",
        "clientFunctionName": "",
        "actionTypeId": "6",
        "url": "",
        "processId": "",
        "importedProcessId": "",
        "actionName": "Conditional Navigation 2",
        "actionType": "ForwardForm",
        "params": [
          {
            "paramName": "param1",
            "paramKey": "name",
            "paramValue": "userName",
            "paramSource": "Current Page"
          },
          {
            "paramName": "param2",
            "paramKey": "itemType",
            "paramValue": "dataRecord:auxParams:itemType",
            "paramSource": "State"
          },
          {
            "paramName": "param3",
            "paramKey": "a",
            "paramValue": "1",
            "paramSource": ""
          }
        ],
        "conditions": [
          {
            "conditionName": "itemType Check",
            "conditionExpression": "({{itemType.label}} === 'Serial' && {{name}} === 'manish' && {{a}} === '1')",
            "conditionValueType": "",
            "conditionValue": "pageId_18"
          },
          {
            "conditionName": "itemType Check",
            "conditionExpression": "({{itemType.label}} === 'Serial' && {{name}} === 'shreyas' && {{a}} === '1')",
            "conditionValueType": "",
            "conditionValue": "pageId_19"
          }
        ]
      }
    },
    "componentId_65": {
      "elementType": "HiddenObject",
      "label": "",
      "labelType": "",
      "placeholder": "",
      "elementId": "65",
      "elementName": "hiddenSingleObject",
      "columnNames": "",
      "columnKeys": "",
      "format": "",
      "groupName": "",
      "inputId": "",
      "inputValue": "",
      "isChecked": "",
      "isDefault": false,
      "isDisabled": false,
      "isMandatory": false,
      "maxDate": "",
      "minDate": "",
      "isDateRange": false,
      "recordName": "aux",
      "fieldName": "",
      "sublistName": "",
      "regex": "",
      "icon": "",
      "onCheckEventId": "",
      "onClickEventId": "",
      "onLoadEventId": "35",
      "onRowClickEventId": "",
      "onSelectEventId": "",
      "onValidateEventId": "",
      "onLoadEvent": {
        "responseKeys": "",
        "scriptId": "customscript_get_hidden_obj_sample",
        "deploymentId": "customdeploy_get_hidden_obj_sample",
        "clientFilePath": "",
        "clientFunctionName": "",
        "actionTypeId": "4",
        "url": "/app/site/hosting/restlet.nl?script=147&deploy=1&compid=TSTDRV1796256",
        "processId": "",
        "importedProcessId": "",
        "actionName": "Get Hidden Object Sample",
        "actionType": "GetOnLoadDataRestlet",
        "params": []
      }
    },
    "componentId_66": {
      "elementType": "HiddenValuesSet",
      "label": "",
      "labelType": "",
      "placeholder": "",
      "elementId": "66",
      "elementName": "hiddenObjectsArray",
      "columnNames": "",
      "columnKeys": "",
      "format": "",
      "groupName": "",
      "inputId": "",
      "inputValue": "",
      "isChecked": "",
      "isDefault": false,
      "isDisabled": false,
      "isMandatory": false,
      "maxDate": "",
      "minDate": "",
      "isDateRange": false,
      "recordName": "aux",
      "fieldName": "",
      "sublistName": "",
      "regex": "",
      "icon": "",
      "onCheckEventId": "",
      "onClickEventId": "",
      "onLoadEventId": "34",
      "onRowClickEventId": "",
      "onSelectEventId": "",
      "onValidateEventId": "",
      "onLoadEvent": {
        "responseKeys": "",
        "scriptId": "customscript_get_hidden_array",
        "deploymentId": "customdeploy_get_hidden_array",
        "clientFilePath": "",
        "clientFunctionName": "",
        "actionTypeId": "4",
        "url": "/app/site/hosting/restlet.nl?script=146&deploy=1&compid=TSTDRV1796256",
        "processId": "",
        "importedProcessId": "",
        "actionName": "Get Hidden Array Test",
        "actionType": "GetOnLoadDataRestlet",
        "params": []
      }
    },
    "componentId_67": {
      "elementType": "ActionButton",
      "label": "Next",
      "labelType": "",
      "placeholder": "",
      "elementId": "67",
      "elementName": "next",
      "columnNames": "",
      "columnKeys": "",
      "format": "",
      "groupName": "",
      "inputId": "",
      "inputValue": "",
      "isChecked": "",
      "isDefault": false,
      "isDisabled": false,
      "isMandatory": false,
      "maxDate": "",
      "minDate": "",
      "isDateRange": false,
      "recordName": "",
      "fieldName": "",
      "sublistName": "",
      "regex": "",
      "icon": "",
      "onCheckEventId": "",
      "onClickEventId": "41",
      "onLoadEventId": "",
      "onRowClickEventId": "",
      "onSelectEventId": "",
      "onValidateEventId": "",
      "onClickEvent": {
        "responseKeys": "",
        "scriptId": "",
        "deploymentId": "",
        "clientFilePath": "",
        "clientFunctionName": "",
        "actionTypeId": "6",
        "url": "",
        "processId": "",
        "importedProcessId": "",
        "actionName": "Forward form to Hidden Objects Details Page",
        "actionType": "ForwardForm",
        "params": [
          {
            "paramName": "page id",
            "paramKey": "page_id",
            "paramValue": "pageId_16",
            "paramSource": ""
          }
        ]
      }
    }
  },
  "features": {
    "shippinglabels": "T",
    "expenseallocation": "T",
    "_eml_nkey_": "207481469",
    "trandeletionreasoncode": "F",
    "groupaveragecosting": "F",
    "mfgworkinprocess": "F",
    "grossprofit": "F",
    "vendoraccess": "T",
    "billingratecards": "F",
    "multisite": "T",
    "altsalesamount": "F",
    "issuedb": "F",
    "assemblies": "F",
    "netsuiteapprovalsworkflow": "NetSuite-Genehmigungsworkflow",
    "promocodes": "T",
    "achv_orig": "F",
    "suitesignon": "F",
    "customtransactions": "F",
    "fulfillmentrequest_orig": "F",
    "multilanguage": "T",
    "purchaseorders": "T",
    "foreigncurrencymanagement": "T",
    "achvend": "F",
    "purchasereqs": "T",
    "distributionresourceplanning": "F",
    "multilocinvt": "T",
    "payroll": "F",
    "advancedjobs": "T",
    "consolpayments": "F",
    "mobilepushntf": "T",
    "ipaddressrules": "F",
    "salescampaigns": "T",
    "customrecords": "T",
    "billscosts": "T",
    "webstore": "T",
    "downloaditems": "T",
    "itemoptions": "T",
    "multicurrency": "T",
    "multipartner": "F",
    "stackablepromotions": "F",
    "paycheckjournal": "F",
    "compensationtracking": "F",
    "intercompanyautodropship": "F",
    "withholdingtax": "Einbehaltene Steuer",
    "purchasecarddata": "F",
    "departments": "T",
    "multishipto": "F",
    "salesorders": "T",
    "escalationrules": "T",
    "website": "T",
    "multprice": "T",
    "jobs": "T",
    "upsell": "T",
    "barcodes": "T",
    "crmtime": "T",
    "sfa": "T",
    "marketing": "T",
    "basicgvmntissuedidtracking": "F",
    "advancedgvmntissuedidtracking": "F",
    "dynallocation": "F",
    "campaignassistant": "Kampagnen-Assistent",
    "billingworkcenter": "F",
    "createsuitebundles": "T",
    "boxnet": "Felder-Dokumentenverwaltung",
    "serializedinventory": "T",
    "i18ntaxreports": "Internationale Steuerberichte",
    "jobrequisition": "F",
    "documents": "T",
    "payrollservice": "F",
    "effectivedating": "F",
    "hcmpermissions": "F",
    "accounting": "T",
    "rum": "F",
    "inboundshipment": "F",
    "webapplicationversioning": "F",
    "projecttaskmanager": "Projektaufgabenmanager",
    "multiplecalendars": "F",
    "estimates": "T",
    "weeklytimesheets": "F",
    "duplicates": "T",
    "advancedprocurementapprovals": "Genehmigungen für Erweiterte Beschaffung",
    "multivendor": "T",
    "advancedsitecust": "T",
    "kpireports": "T",
    "prm": "T",
    "resourceallocationchart": "Diagramm Ressourcenzuordnung",
    "mlang_orig": "T",
    "autoapplypromotions": "F",
    "advancedrevenuerecognition": "F",
    "storepickup_orig": "F",
    "telephony": "T",
    "advreceiving": "T",
    "rfq": "F",
    "support": "T",
    "mailmerge": "T",
    "advancedrevenuerecognitionapp": "SuiteApp Erweiterte Erlösrealisierung",
    "knowledgebase": "F",
    "sitelocationaliases": "F",
    "classes": "T",
    "requisitions": "F",
    "inventory": "T",
    "timetracking": "T",
    "billingaccounts": "F",
    "intranet": "T",
    "sys_id": "-1766787035178232",
    "customgllines": "F",
    "resourceallocations": "T",
    "paypalintegration": "F",
    "hranalysis": "F",
    "acctperiod_orig": "T",
    "advbinseriallotmgmt": "F",
    "terminationreasontracking": "F",
    "softdescriptors": "F",
    "advancedprinting": "T",
    "asynccustomer": "F",
    "enhancedpremierpayroll": "F",
    "coaclassificationmanagement": "T",
    "multicurrencyvendor": "T",
    "empperms": "T",
    "supplychainmanagement": "Versorgungsketten-Management",
    "customsegments": "F",
    "gridordermanagement": "Rasterbestellungsmanagement",
    "fulfillmentrequest": "F",
    "gainlossacctmapping": "F",
    "campaignsubscriptions": "T",
    "webservicesexternal": "T",
    "suiteappdevelopmentframework": "T",
    "teamselling": "F",
    "leadmanagement": "T",
    "approvalrouting": "T",
    "enhancedinventorylocation": "F",
    "lotnumberedinventory": "T",
    "partnercommissions": "F",
    "suiteanalyticsconnect": "F",
    "type": "features",
    "advtaxengine": "T",
    "alternativepayments": "F",
    "autolocationassignment": "F",
    "payables": "T",
    "advforecasting": "F",
    "inventorycount": "F",
    "multiplebudgets": "F",
    "documentpublishing": "T",
    "giftcertificates": "T",
    "workorders": "F",
    "returnauths": "T",
    "advinventorymgmt": "F",
    "customcode": "T",
    "crm_template_categories": "F",
    "emailintegration": "T",
    "serviceprintedchecks": "F",
    "serviceprintedw2s": "F",
    "availabletopromise": "F",
    "urlcomponentaliases": "F",
    "matrixitems": "T",
    "landedcost": "F",
    "webduplicateemailmanagement": "F",
    "extcrm": "T",
    "standardcosting": "F",
    "outlookintegration_v3": "Integration von Outlook",
    "quantitypricing": "T",
    "commissiononcustomfields": "F",
    "taxauditfiles": "Steuerprüfungsdateien",
    "jobmanagement": "F",
    "amortization": "T",
    "warrantyandrepairsmanagement": "Garantie- und Reparaturmanagement",
    "historicalmetrics": "F",
    "advsubscriptionbilling": "F",
    "customeraccess": "T",
    "revenuerecognition": "T",
    "billingclasses": "T",
    "inboundcaseemail": "T",
    "glauditnumbering": "F",
    "extstore": "F",
    "serversidescripting": "T",
    "timeoffmanagement": "F",
    "documentsantivirus": "F",
    "vendorreturnauths": "F",
    "itemdemandplanning": "F",
    "opportunities": "T",
    "unitsofmeasure": "T",
    "suppltaxcalc": "Ergänzende Steuerberechnung",
    "onlineordering": "T",
    "advancedpromotions": "Erweiterte Werbeaktionen",
    "multilocinvt_orig": "T",
    "chargebasedbilling": "F",
    "advshipping": "T",
    "storepickup": "F",
    "cctracking": "T",
    "partneraccess": "T",
    "dropshipments": "T",
    "kudos": "F",
    "binmanagement": "F",
    "revenuecommitments": "F",
    "usr": "F",
    "commissions": "T",
    "intercompanyautoelimination": "F",
    "mfgrouting": "F",
    "suitesocial": "SuiteSocial",
    "workflow": "T",
    "advbilling": "T",
    "pickpackship": "T",
    "samlsso": "F",
    "advinventorymgmt_orig": "F",
    "helpdesk": "T",
    "moss": "F",
    "tba": "T",
    "webhosting": "T",
    "multibook": "T",
    "receivables": "T",
    "revrecsalesorderforecasting": "F",
    "advpartneraccess": "T",
    "ebay": "F",
    "openidsso": "F",
    "advancedbillofmaterials": "F",
    "perbookclosing": "T",
    "resourceskillsets": "Ressource Fertigkeiten",
    "blanketpurchaseorders": "F",
    "expreports": "T",
    "extremelist": "T",
    "accountingperiods": "T",
    "nsapiCT": "1519129695926",
    "intercompanytimeexpense": "F",
    "advwebreports": "T",
    "revenueexpensemanagement": "T",
    "fxrateupdates": "T",
    "jobcosting": "T",
    "crm": "T",
    "checkoutsubdomain": "T",
    "multicurrencycustomer": "T",
    "purchasecontracts": "F",
    "stataccounting": "F",
    "revrecvsoe": "F",
    "advwebsearch": "T",
    "eft": "F",
    "tableau": "F",
    "webapplications": "T",
    "asyncsalesorder": "F",
    "locations": "T",
    "resourceallocationapproval": "Genehmigungs-Workflow für Ressourcenzuordnung",
    "eft_orig": "F"
  }
}
